PDB Id,Mutated Chain,Mutation_PDB,wild,mutation_position,mutation,DDGexp
1ASY,A,D210A,D,210,A,1.41
1ASY,A,E188A,E,188,A,1.56
1ASY,A,E202A,E,202,A,1.0
1ASY,A,E327A,E,327,A,-0.24
1ASY,A,F127A,F,127,A,2.09
1ASY,A,H334A,H,334,A,1.29
1ASY,A,K142A,K,142,A,0.86
1ASY,A,K155A,K,155,A,0.76
1ASY,A,K180A,K,180,A,1.52
1ASY,A,K553A,K,553,A,1.31
1ASY,A,N117A,N,117,A,0.88
1ASY,A,N227A,N,227,A,0.81
1ASY,A,N328A,N,328,A,0.61
1ASY,A,Q121A,Q,121,A,1.3
1ASY,A,Q138A,Q,138,A,1.42
1ASY,A,R119A,R,119,A,1.29
1ASY,A,S181A,S,181,A,1.05
1ASY,A,S301A,S,301,A,0.3
1ASY,A,S329A,S,329,A,0.81
1ASY,A,S423A,S,423,A,-0.11
1ASY,A,T124A,T,124,A,0.84
1ASY,A,T230A,T,230,A,1.41
1ASY,A,T331A,T,331,A,1.11
1ASY,A,T424A,T,424,A,0.81
1ASY,A,S280A,S,280,A,0.0
1ASY,A,Q300A,Q,300,A,-0.11
1ASY,A,F304A,F,304,A,0.0
1ASY,A,K293A,K,293,A,1.45
1ASY,A,K428A,K,428,A,0.84
1AUD,A,F55L,F,55,L,2.79
1AUD,A,K49A,K,49,A,1.19
1AUD,A,M50A,M,50,A,0.75
1AUD,A,F55A,F,55,A,4.94
1AUD,A,G52A,G,52,A,3.25
1AUD,A,G52V,G,52,V,4.43
1AUD,A,R6Q,R,6,Q,0.1
1AUD,A,K59Q,K,59,Q,-0.2
1AUD,A,R69Q,R,69,Q,-0.1
1AUD,A,K19Q,K,19,Q,0.4
1AUD,A,K21Q,K,21,Q,1.1
1AUD,A,K22Q,K,22,Q,0.9
1AUD,A,Y12F,Y,12,F,2.1
1AUD,A,Y12Q,Y,12,Q,7.17
1AUD,A,Y12S,Y,12,S,6.6
1AUD,A,Y12T,Y,12,T,6.36
1AUD,A,Q53A,Q,53,A,4.85
1AUD,A,Q53E,Q,53,E,6.6
1AUD,A,Q53N,Q,53,N,5.05
1AUD,A,S90A,S,90,A,1.87
1AUD,A,T10V,T,10,V,4.03
1B23,P,E390A,E,390,A,0.93
1B23,P,E55A,E,55,A,-0.21
1B23,P,H331V,H,331,V,1.33
1B23,P,K376A,K,376,A,0.15
1B23,P,K52A,K,52,A,0.34
1B23,P,K90A,K,90,A,0.57
1B23,P,N64A,N,64,A,-0.51
1B23,P,N91A,N,91,A,1.11
1B23,P,Q341A,Q,341,A,1.48
1B23,P,R274A,R,274,A,1.23
1B23,P,R300A,R,300,A,0.49
1B23,P,R339A,R,339,A,-0.21
1B23,P,R59A,R,59,A,0.06
1B23,P,T232V,T,232,V,-0.29
1B23,P,T332V,T,332,V,1.03
1B23,P,T350V,T,350,V,1.49
1B23,P,Y88F,Y,88,F,0.09
1C9S,A,T30V,T,30,V,2.63
1C9S,A,T30I,T,30,I,2.93
1C9S,A,T30S,T,30,S,0.0
1C9S,A,T30C,T,30,C,1.3
1C9S,A,T30L,T,30,L,3.15
1C9S,A,T30P,T,30,P,3.23
1C9S,A,T30D,T,30,D,3.38
1C9S,A,T30E,T,30,E,3.62
1C9S,A,T30N,T,30,N,2.7
1C9S,A,T30Q,T,30,Q,3.3
1C9S,A,K37A,K,37,A,3.03
1C9S,A,K56A,K,56,A,2.2
1C9S,A,R58A,R,58,A,2.0
1C9S,A,E36A,E,36,A,3.74
1C9S,A,D39A,D,39,A,-0.8
1C9S,L,D39A,D,39,A,-0.8
1C9S,L,E36A,E,36,A,3.74
1C9S,L,K37A,K,37,A,3.03
1C9S,L,K56A,K,56,A,2.2
1C9S,L,R58A,R,58,A,2.0
1C9S,L,T30C,T,30,C,1.3
1C9S,L,T30D,T,30,D,3.38
1C9S,L,T30E,T,30,E,3.62
1C9S,L,T30I,T,30,I,2.93
1C9S,L,T30L,T,30,L,3.15
1C9S,L,T30N,T,30,N,2.7
1C9S,L,T30P,T,30,P,3.23
1C9S,L,T30Q,T,30,Q,3.3
1C9S,L,T30S,T,30,S,0.0
1C9S,L,T30V,T,30,V,3.1
1FEU,A,D87E,D,87,E,1.73
1FEU,A,H85A,H,85,A,1.35
1FEU,A,K14A,K,14,A,0.2
1FEU,A,R10A,R,10,A,1.43
1FEU,A,R19A,R,19,A,1.37
1FEU,A,R20A,R,20,A,0.15
1FEU,A,S16A,S,16,A,0.15
1JBS,A,D143A,D,143,A,-0.52
1JBS,A,D40A,D,40,A,0.21
1JBS,A,F51A,F,51,A,0.32
1JBS,A,H49A,H,49,A,0.84
1JBS,A,K110A,K,110,A,1.44
1JBS,A,K111A,K,111,A,1.81
1JBS,A,K113A,K,113,A,0.73
1JBS,A,K42A,K,42,A,0.27
1JBS,A,Q141A,Q,141,A,0.42
1JBS,A,R65A,R,65,A,0.51
1JBS,A,T52A,T,52,A,0.85
1QFQ,B,D2N,D,2,N,-1.28
1QFQ,B,Q4K,Q,4,K,-1.38
1QFQ,B,R8H,R,8,H,3.4
1U0B,B,N351A,N,351,A,1.77
1URN,A,E19A,E,19,A,2.25
1URN,A,K50A,K,50,A,1.34
1URN,A,M51A,M,51,A,1.08
1URN,A,N15A,N,15,A,1.32
1URN,A,N16A,N,16,A,1.01
1VS5,G,R3Q,R,3,Q,0.43
1VS5,G,Q8A,Q,8,A,0.77
1VS5,G,F17G,F,17,G,0.9
1VS5,G,K34Q,K,34,Q,-0.02
1VS5,G,K35Q,K,35,Q,0.73
1VS5,G,G54S,G,54,S,0.63
1VS5,G,Y84A,Y,84,A,0.25
1VS5,G,K113Q,K,113,Q,0.51
1VS5,G,M115G,M,115,G,0.9
1VS5,G,K136Q,K,136,Q,0.07
1VS5,G,R142Q,R,142,Q,0.14
1VS5,G,M143A,M,143,A,0.32
1WNE,A,K18A,K,18,A,0.39
1WNE,A,K18E,K,18,E,0.2
1WNE,A,K20E,K,20,E,0.32
1YVP,A,K136A,K,136,A,-0.04
1YVP,A,R184A,R,184,A,0.94
1ZDI,A,K43A,K,43,A,-0.09
1ZDI,A,K57A,K,57,A,2.48
1ZDI,A,K61A,K,61,A,2.43
1ZDI,A,N55A,N,55,A,-0.21
1ZDI,A,R49A,R,49,A,1.66
1ZDI,A,S52A,S,52,A,-0.33
1ZDI,A,Y85A,Y,85,A,3.42
2BX2,L,F57A,F,57,A,0.45
2BX2,L,F67A,F,67,A,0.71
2BX2,L,R373A,R,373,A,-0.3
2ERR,A,F126A,F,126,A,4.31
2ERR,A,F126H,F,126,H,1.9
2ERR,A,F126I,F,126,I,4.31
2ERR,A,F126L,F,126,L,3.44
2ERR,A,F126R,F,126,R,4.29
2ERR,A,F126W,F,126,W,1.6
2ERR,A,F126Y,F,126,Y,0.4
2ERR,A,F158A,F,158,A,3.87
2ERR,A,F160A,F,160,A,6.08
2ERR,A,H120A,H,120,A,2.98
2IX1,A,E390A,E,390,A,0.15
2IX1,A,E542A,E,542,A,-1.35
2IX1,A,F358A,F,358,A,0.22
2IX1,A,R500A,R,500,A,0.27
2IX1,A,Y253A,Y,253,A,0.88
2IX1,A,Y313A,Y,313,A,0.51
2KXN,B,I195A,I,195,A,1.01
2KXN,B,P199A,P,199,A,0.68
2KXN,B,R111A,R,111,A,0.29
2KXN,B,S194A,S,194,A,0.22
2KXN,B,T196A,T,196,A,1.13
2KXN,B,V137A,V,137,A,0.0
2KXN,B,Y165F,Y,165,F,1.04
2M8D,B,D136A,D,136,A,1.5
2M8D,B,D139A,D,139,A,1.04
2M8D,B,K138A,K,138,A,1.43
2M8D,B,Q135A,Q,135,A,1.43
2M8D,B,S133A,S,133,A,1.08
2M8D,B,W134F,W,134,F,1.41
2PJP,A,D511A,D,511,A,2.04
2PJP,A,R510A,R,510,A,3.59
2PJP,A,V509A,V,509,A,1.41
2PJP,A,W508A,W,508,A,4.03
2XB2,G,R423A,R,423,A,2.58
2XB2,G,Y429A,Y,429,A,3.77
2Y8W,A,E24A,E,24,A,1.2
2Y8W,A,E38A,E,38,A,0.39
2Y8W,A,N102A,N,102,A,0.48
2Y8W,A,R27A,R,27,A,-0.16
2Y8W,A,S34A,S,34,A,0.02
2ZI0,A,P41A,P,41,A,1.31
2ZI0,A,W50A,W,50,A,0.86
2ZKO,A,R37A,R,37,A,-0.03
2ZKO,A,R44A,R,44,A,0.78
2ZKO,A,S42A,S,42,A,1.29
2ZKO,A,T49A,T,49,A,1.23
2ZZN,A,D223A,D,223,A,0.22
2ZZN,A,K137A,K,137,A,0.52
2ZZN,A,K318A,K,318,A,0.28
2ZZN,A,N265A,N,265,A,0.08
2ZZN,A,P267A,P,267,A,0.08
2ZZN,A,R145A,R,145,A,0.22
2ZZN,A,R181A,R,181,A,0.15
2ZZN,A,R186A,R,186,A,0.34
2ZZN,A,Y177A,Y,177,A,0.28
2ZZN,A,E185D,E,185,D,0.15
2ZZN,A,E185Q,E,185,Q,0.08
2ZZN,A,N265Q,N,265,Q,0.08
2ZZN,A,N265H,N,265,H,0.34
2ZZN,A,Y177F,Y,177,F,0.34
2ZZN,A,D223E,D,223,E,0.34
3EQT,A,E573A,E,573,A,1.71
3EQT,A,I597S,I,597,S,1.02
3K5Q,A,H326A,H,326,A,3.35
3K5Q,A,H454A,H,454,A,1.18
3K5Q,A,N325A,N,325,A,1.01
3K5Q,A,Q367A,Q,367,A,1.57
3K5Q,A,R288A,R,288,A,0.98
3K5Q,A,R364A,R,364,A,0.57
3K5Y,A,H454A,H,454,A,1.23
3K5Y,A,R288A,R,288,A,1.03
3L25,A,K309A,K,309,A,0.93
3L25,A,K319A,K,319,A,0.71
3L25,A,R305A,R,305,A,0.75
3MOJ,B,G423A,G,423,A,0.38
3MOJ,B,Y407A,Y,407,A,0.45
3OL6,A,K125A,K,125,A,1.16
3OL6,A,K126A,K,126,A,0.87
3OL6,A,K127A,K,127,A,0.5
3OL6,A,K133A,K,133,A,0.59
3OL6,A,K314A,K,314,A,0.02
3OL6,A,R128A,R,128,A,1.11
3OL6,A,R188A,R,188,A,2.01
3OL6,A,Y148A,Y,148,A,0.17
3OL6,A,Y14A,Y,14,A,0.07
3OL6,A,Y157A,Y,157,A,0.39
3QSU,A,K33A,K,33,A,1.78
3RW6,A,E151A,E,151,A,0.38
3U4M,A,T217A,T,217,A,2.49
3UZS,A,H280A,H,280,A,0.44
3VYX,A,K182A,K,182,A,1.81
3VYY,A,N30A,N,30,A,0.5
4CIO,A,A110T,A,110,T,1.19
4CIO,A,E63K,E,63,K,1.08
4CIO,A,G113E,G,113,E,0.72
4CIO,A,H45A,H,45,A,-0.57
4CIO,A,K104M,K,104,M,0.09
4CIO,A,K74M,K,74,M,-0.2
4CIO,A,N106A,N,106,A,0.47
4CIO,A,N108A,N,108,A,-0.17
4CIO,A,N97A,N,97,A,-0.07
4CIO,A,R103M,R,103,M,0.83
4CIO,A,R76M,R,76,M,-0.38
4CIO,A,Y44F,Y,44,F,0.2
4CIO,A,Y78F,Y,78,F,1.43
4ED5,A,N21A,N,21,A,0.64
4ED5,A,R136A,R,136,A,0.96
4ED5,A,R147A,R,147,A,0.87
4ED5,A,R97A,R,97,A,1.49
4ED5,A,T90A,T,90,A,0.67
4ERD,A,R465A,R,465,A,1.04
4ERD,A,Y407A,Y,407,A,0.74
4G0A,A,K223A,K,223,A,1.28
4HT8,A,Y25A,Y,25,A,4.18
4HT8,A,F42S,F,42,S,0.52
4HT9,A,F42S,F,42,S,0.67
4HT9,A,Y25A,Y,25,A,-0.28
4JVH,A,K120A,K,120,A,1.87
4JVH,A,K190A,K,190,A,2.75
4JVH,A,N97A,N,97,A,1.51
4JVH,A,Q193A,Q,193,A,2.75
4JVH,A,R124A,R,124,A,1.87
4JVH,A,R130A,R,130,A,1.51
4MDX,A,K53A,K,53,A,2.49
4MDX,A,R25A,R,25,A,2.33
4MDX,A,S73A,S,73,A,2.73
4NGB,A,R927A,R,927,A,1.83
4NGB,A,S1005A,S,1005,A,0.09
4NGB,A,W1014A,W,1014,A,0.52
4NGB,A,Y926A,Y,926,A,2.06
4NGB,A,Y961F,Y,961,F,1.9
4NGB,A,Y966F,Y,966,F,2.05
4NGD,A,R927A,R,927,A,1.83
4NGD,A,S1005A,S,1005,A,0.09
4NGD,A,Y961F,Y,961,F,1.9
4NGD,A,Y966F,Y,966,F,2.05
4NHA,A,H982A,H,982,A,1.05
4NKU,A,N165A,N,165,A,0.06
4NL3,D,F43W,F,43,W,0.74
4NL3,D,Q6A,Q,6,A,2.9
4OI0,A,D124A,D,124,A,1.62
4OI0,A,D235A,D,235,A,0.47
4OI0,A,P122A,P,122,A,0.31
4OI0,A,T230A,T,230,A,0.83
4OI0,A,P122S,P,122,S,1.03
4OI0,A,T123S,T,123,S,0.29
4OI0,A,D124N,D,124,N,0.96
4OI0,A,R288K,R,288,K,0.52
4OOG,C,P449A,P,449,A,1.08
4OOG,C,R445A,R,445,A,1.08
4OOG,C,S453K,S,453,K,1.05
4PMW,A,N661A,N,661,A,-0.24
4PMW,A,N796A,N,796,A,0.4
4PMW,A,Q778A,Q,778,A,0.11
4PMW,A,Q790A,Q,790,A,0.16
4PMW,A,R275A,R,275,A,0.0
4PMW,A,N796E,N,796,E,0.49
4PMW,A,Q790E,Q,790,E,-0.06
4QVC,A,F42S,F,42,S,3.71
4QVC,A,N28A,N,28,A,0.98
4QVC,D,N28A,N,28,A,1.02
4QVC,D,N48A,N,48,A,-0.16
4QVC,D,F42S,F,42,S,0.62
4QVD,D,K31A,K,31,A,0.99
4QVD,D,N28A,N,28,A,-0.02
4QVD,D,N48A,N,48,A,-1.64
4QVD,D,F42S,F,42,S,0.52
4YVI,A,D169A,D,169,A,1.71
4YVI,A,D177A,D,177,A,1.58
4YVI,A,E116A,E,116,A,2.36
4YVI,A,G134A,G,134,A,2.3
4YVI,A,G55A,G,55,A,1.24
4YVI,A,G59A,G,59,A,1.74
4YVI,A,H180A,H,180,A,1.2
4YVI,A,P89A,P,89,A,1.41
4YVI,A,Q90A,Q,90,A,1.2
4YVI,A,R154A,R,154,A,1.6
4YVI,A,S170A,S,170,A,1.25
4YVI,A,Y115A,Y,115,A,2.08
4YVI,A,Y136A,Y,136,A,1.11
4YVI,A,Y86A,Y,86,A,1.17
4YVI,A,P89W,P,89,W,2.0
4YVI,A,Y115F,Y,115,F,2.02
4YVI,A,R154K,R,154,K,2.04
4YVI,A,D169E,D,169,E,0.68
4YVI,A,D169L,D,169,L,2.58
5AWH,A,R481A,R,481,A,3.94
5AWH,A,T484A,T,484,A,3.94
5AWH,A,Y463A,Y,463,A,4.44
5DNO,A,R331A,R,331,A,0.87
5DNO,A,S333A,S,333,A,1.57
5DNO,A,Y352F,Y,352,F,2.13
5DNO,A,Y466F,Y,466,F,3.08
5EIM,A,R349A,R,349,A,0.95
5EIM,A,T437A,T,437,A,1.58
5ELH,A,F149A,F,149,A,0.18
5ELH,A,N143A,N,143,A,-0.06
5ELK,A,F316A,F,316,A,1.69
5ELK,A,R310A,R,310,A,1.6
5ELK,A,Y216A,Y,216,A,0.45
5EN1,A,D49A,D,49,A,0.9
5EN1,A,F24A,F,24,A,0.78
5EN1,A,F66A,F,66,A,1.07
5EN1,A,H108A,H,108,A,0.21
5EV1,A,Q147A,Q,147,A,-0.32
5EV1,A,R227A,R,227,A,-0.33
5EV1,A,V254P,V,254,P,-0.44
5GXH,A,E197A,E,197,A,1.66
5GXH,A,F381A,F,381,A,2.16
5GXH,A,W14A,W,14,A,2.17
5GXH,A,Y15A,Y,15,A,1.19
5GXH,A,Y474A,Y,474,A,0.02
5H1K,A,M357A,M,357,A,2.08
5H1K,A,N13A,N,13,A,1.04
5H1K,A,R33A,R,33,A,1.54
5H1K,A,R359A,R,359,A,3.12
5H1K,A,W14A,W,14,A,3.05
5H1K,A,Y15A,Y,15,A,2.02
5HO4,A,D49A,D,49,A,0.9
5HO4,A,E183A,E,183,A,0.52
5HO4,A,E92A,E,92,A,1.06
5HO4,A,F115A,F,115,A,1.09
5HO4,A,F157A,F,157,A,0.87
5HO4,A,F24A,F,24,A,0.78
5HO4,A,F66A,F,66,A,1.07
5HO4,A,H108A,H,108,A,0.21
5HO4,A,K113A,K,113,A,1.11
5HO4,A,K120A,K,120,A,0.72
5HO4,A,Q19A,Q,19,A,0.76
5IP2,B,R60A,R,60,A,0.04
5JBJ,A,H406A,H,406,A,0.02
5M3H,A,R633A,R,633,A,0.81
5UDZ,A,I167A,I,167,A,0.05
5W1H,A,H328A,H,328,A,0.04
5W1H,A,K1305A,K,1305,A,0.41
5W1H,A,K1320A,K,1320,A,-0.12
5W1H,A,K435A,K,435,A,-0.25
5W1H,A,W325A,W,325,A,-0.74
5WWW,A,R271A,R,271,A,0.86
5WWW,A,T268A,T,268,A,1.05
5WWX,A,K350A,K,350,A,0.99
5WWX,A,R365A,R,365,A,1.24
5WWX,A,T362A,T,362,A,1.46
